<?xml version="1.0" encoding="UTF-8"?>
<project-private xmlns="http://www.netbeans.org/ns/project-private/1">
    <editor-bookmarks xmlns="http://www.netbeans.org/ns/editor-bookmarks/2" lastBookmarkId="0"/>
    <open-files xmlns="http://www.netbeans.org/ns/projectui-open-files/2">
        <group>
            <file>file:/C:/Users/ASUS/Documents/NetBeansProjects/CS129%20-%20Final%20Project/CS129%20-%20Final%20Project%20-%20Real%20Estate/src/MyApp/MainForm.java</file>
            <file>file:/C:/Users/ASUS/Documents/NetBeansProjects/CS129%20-%20Final%20Project/CS129%20-%20Final%20Project%20-%20Real%20Estate/src/MyApp/SellingForm.java</file>
        </group>
    </open-files>
</project-private>
